image,age
2019-01_1.jpg,2
2019-02_1.jpg,2
2019-03_1.jpg,20
2019-04_1.jpg,9
2019-06_1.jpg,5
2019-07_1.jpg,2
2019-12_1.jpg,2
2019-15_1.jpg,1
2019-17_1.jpg,1
2019-19_1.jpg,1
2019-20_1.jpg,1
2019-21_1.jpg,1
2019-22_1.jpg,2
2019-24_1.jpg,2
2019-26_1.jpg,3
2019-27_1.jpg,3
2019-28_1.jpg,9
2019-29_1.jpg,2
2019-30_1.jpg,5
2019-31_1.jpg,2
2019-32_1.jpg,1
2019-33_1.jpg,4
2019-34_1.jpg,1
2019-35_1.jpg,2
2019-36_1.jpg,1
2019-39_1.jpg,3
2019-40_1.jpg,1
2019-41_1.jpg,4
2020-02_1.jpg,8
2020-04_1.jpg,26
2020-105 (1)_1.jpg,11
2020-105 (2)_1.jpg,11
2020-106 (1)_1.jpg,3
2020-106 (2)_1.jpg,3
2020-106_1.jpg,3
2020-107_1.jpg,3
2020-112_1.jpg,2
2020-113_1.jpg,3
2020-115 (1)_1.jpg,10
2020-115_1.jpg,10
2020-116_1.jpg,3
2020-117_1.jpg,3
2020-119_1.jpg,2
2020-121_1.jpg,3
2020-122_1.jpg,2
2020-131_1.jpg,5
2020-132 (1)_1.jpg,5
2020-132 (2)_1.jpg,5
2020-88_1.jpg,2
2020-89_1.jpg,3
2020-91_1.jpg,2
2020-93_1.jpg,1
2020-96_1.jpg,3
2020-97_1.jpg,1
2020-99_1.jpg,5
a1987-05029c_1.jpg,9
a1987-05029d_1.jpg,8
a1995-05098_1.jpg,3
a2005-05290c_1.jpg,10
a2005-05290d_1.jpg,10
a20055124_1.JPG,6
a20055126_1.JPG,12
a20055175_1.JPG,7
a20055176_1.JPG,9
a20055222_1.JPG,7
a20055267_1.jpg,2
A20055295_1.JPG,7
a20065422_1.jpg,7
a20065423_1.jpg,1
a20065429_1.jpg,12
a20065434_1.jpg,12
a200705102_1.jpg,2
a200705261_1.jpg,4
a20075012_1.jpg,3
a20075078_1.jpg,1
a20075157_1.jpg,19
a20075259_1.jpg,3
a20075259_1.jpg,4
a2019-05378_1.jpg,46
b2022-03609 (1)_1.jpg,3
b2023-03383_1.jpg,7
b2024-00008 (1)_1.jpg,2
b2024-01864 (1)_1.jpg,7
b2024-03884 (1)_1.jpg,3
b2024-04589 (1)_1.jpg,3
b2024-04589 (2)_1.jpg,3
b2024-04767 (1)_1.jpg,6
b2024-04995_1.jpg,1
b2024-05143 (1)_1.jpg,1
b2024-05145_1.jpg,1
b2024-05147 (1)_1.jpg,2
b2024-05147 (2)_1.jpg,2
b2024-06223 (1)_1.jpg,18
b2024-06223 (2)_1.jpg,18
b2025-00013 (1)_1.jpg,4
b2025-00052 (1)_1.jpg,4
c2003-05275a_1.jpg,9
c2003-05275b_1.jpg,6
c2003-05275c_1.jpg,8
c200405576_1.jpg,2
c200405579_1.jpg,5
c200405580_1.jpg,3
c200505335_1.jpg,4
c200505336_1.jpg,7
c200505337_1.jpg,5
c2005-05375_1.jpg,2
c2005-05382_1.jpg,9
c200605269_1.jpg,9
c200605270_1.jpg,6
c200605272_1.jpg,2
c200605274_1.jpg,16
c200605276_1.jpg,1
c200605277_1.jpg,5
c200605278_1.jpg,12
c200605279_1.jpg,14
c200605280_1.jpg,10
c200605281_1.jpg,10
c200605282_1.jpg,7
c200605283_1.jpg,11
c200605286_1.jpg,12
c2006-05329 (2)_1.jpg,2
c200605380_1.jpg,4
c20065050_1.jpg,14
c20065057_1.JPG,10
c20065060_1.JPG,10
c20065069 (1)_1.JPG,19
c20065070_1.JPG,13
c20065102_1.jpg,17
c20065103_1.jpg,3
c20065248_1.jpg,2
c20065249_1.jpg,5
c20065250_1.jpg,5
c20065251_1.jpg,4
c20065254_1.jpg,1
c20065255_1.jpg,8
c20065256_1.jpg,9
c20065258_1.jpg,1
c2009-10158 (1)_1.jpg,2
